,anova,mutual_info,random_forest,l1_logistic,rfe,boruta,correlation
accuracy,0.10339506172839508,-0.046604938271604945,0.25216049382716055,0.1635802469135802,0.12731481481481477,0.09043209876543201,0.09120370370370368
f1,0.14652014652014644,-0.03630175836642091,0.4,0.15375788869764762,0.17969888295288972,0.14778503994190262,0.13661971830985908
precision,0.07017543859649122,-0.0662525879917184,0.1454545454545454,0.15644820295983086,0.024021962937542884,0.0060975609756097615,0.05483870967741933
recall,0.19999999999999996,0.0,0.55,0.1499999999999999,0.32500000000000007,0.25,0.19999999999999996
roc_auc,0.07080030487804878,0.08117378048780488,0.17898628048780496,0.054679878048780495,0.1385823170731708,0.029657012195121957,0.0940167682926829
