,anova,mutual_info,random_forest,l1_logistic,rfe,boruta,correlation
accuracy,-0.15369718309859148,-0.014612676056337981,-0.14278169014084507,-0.08644366197183095,-0.0255281690140845,-0.1786971830985915,-0.14278169014084507
f1,-0.15629183400267732,0.009140008309098446,-0.11324675324675326,-0.09667768855298375,0.008521892447840185,-0.13512658227848096,-0.10666666666666658
precision,-0.04869186046511631,0.0361207323107372,-0.09806949806949805,0.03417150225660859,0.016057585825027698,-0.14551282051282044,-0.11428571428571432
recall,-0.25,-0.025000000000000022,-0.125,-0.22499999999999998,0.0,-0.125,-0.09999999999999998
roc_auc,-0.1021270161290323,-0.05759072580645164,-0.13113911290322589,-0.195483870967742,-0.0369354838709679,-0.1209475806451612,-0.13065524193548395
