,anova,mutual_info,random_forest,l1_logistic,rfe,boruta,correlation
accuracy,-0.09419014084507038,-0.09419014084507038,-0.09419014084507038,-0.233274647887324,-0.02376760563380287,0.0654929577464789,-0.09577464788732404
f1,-0.10303030303030292,-0.1333333333333333,-0.11250000000000004,-0.2775956284153006,-0.03076923076923066,0.10166112956810636,-0.10290652003142176
precision,0.027472527472527486,0.1428571428571429,0.059523809523809534,-0.04761904761904767,0.1428571428571429,-0.09710144927536235,0.01851851851851849
recall,-0.17500000000000004,-0.25,-0.19999999999999996,-0.375,-0.125,0.275,-0.17500000000000004
roc_auc,-0.0602016129032259,-0.11441532258064513,-0.07117943548387107,-0.07961693548387105,-0.05994959677419365,-0.05576612903225808,-0.10386088709677421
