,anova,mutual_info,random_forest,l1_logistic,rfe,boruta,correlation
accuracy,-0.011728395061728403,0.0007716049382715529,-0.01157407407407407,0.0,0.050154320987654266,0.07592592592592595,0.012808641975308621
f1,-0.017316017316017285,-0.007843137254901933,-0.020123839009287936,0.0,0.046165301563663386,0.07105263157894737,0.011144578313252995
precision,0.06388206388206397,0.11111111111111116,0.08333333333333337,0.0,0.11111111111111116,0.12222222222222223,0.04476744186046511
recall,-0.09999999999999998,-0.125,-0.125,0.0,-0.025000000000000022,0.025000000000000022,-0.025000000000000022
roc_auc,-0.006707317073170738,0.0,0.015701219512195053,0.0,0.009374999999999911,0.02567073170731715,-0.00022865853658537993
